{
    "accuracy": 0.7732952516958229,
    "precision": 0.5855018587360595,
    "recall": 0.7692307692307693,
    "f1": 0.6649076517150396,
    "roc_auc": 0.8470434151564322,
    "threshold": 0.47
}